{
    "股利法": [
        166.5,
        333.0,
        222.0
    ],
    "高低價法": [
        354.6,
        459.6,
        567.2
    ],
    "本淨比法": [
        516.71412,
        673.83576,
        842.4280799999999
    ],
    "本益比法": [
        422.380952,
        547.80968,
        682.7353200000001
    ],
    "Guli_data": [
        [
            2023.0,
            11.5,
            0.0,
            11.5,
            0.0,
            0.0,
            0.0,
            11.5
        ],
        [
            2022.0,
            11.0,
            0.0,
            11.0,
            0.0,
            0.0,
            0.0,
            11.0
        ],
        [
            2021.0,
            10.5,
            0.0,
            10.5,
            0.0,
            0.0,
            0.0,
            10.5
        ],
        [
            2020.0,
            10.0,
            0.0,
            10.0,
            0.0,
            0.0,
            0.0,
            10.0
        ],
        [
            2019.0,
            12.5,
            0.0,
            12.5,
            0.0,
            0.0,
            0.0,
            12.5
        ]
    ],
    "HighLow_data": [
        [
            2023.0,
            594.0,
            443.0,
            593.0,
            543.0
        ],
        [
            2022.0,
            688.0,
            370.0,
            448.5,
            516.0
        ],
        [
            2021.0,
            679.0,
            518.0,
            615.0,
            598.0
        ],
        [
            2020.0,
            530.0,
            235.5,
            530.0,
            379.0
        ],
        [
            2019.0,
            345.0,
            206.5,
            331.0,
            262.0
        ]
    ],
    "Benjing_data": [
        [
            2023.0,
            133.38,
            4.45,
            3.32,
            4.07
        ],
        [
            2022.0,
            113.6,
            6.06,
            3.26,
            4.54
        ],
        [
            2021.0,
            83.62,
            8.12,
            6.19,
            7.15
        ],
        [
            2020.0,
            71.33,
            7.43,
            3.3,
            5.31
        ],
        [
            2019.0,
            62.53,
            5.52,
            3.3,
            4.19
        ]
    ],
    "Benyi_data": [
        [
            2023.0,
            32.34,
            18.4,
            13.7,
            16.8
        ],
        [
            2022.0,
            39.2,
            17.6,
            9.44,
            13.2
        ],
        [
            2021.0,
            23.01,
            29.5,
            22.5,
            26.0
        ],
        [
            2020.0,
            19.97,
            26.5,
            11.8,
            19.0
        ],
        [
            2019.0,
            13.32,
            25.9,
            15.5,
            19.6
        ]
    ],
    "即時價格": 1090.0
}