{
    "股利法": [
        166.5,
        333.0,
        222.0
    ],
    "高低價法": [
        354.6,
        459.6,
        567.2
    ],
    "本淨比法": [
        516.71412,
        673.83576,
        842.4280799999999
    ],
    "本益比法": [
        422.380952,
        547.80968,
        682.7353200000001
    ],
    "Guli_data": [
        11.5,
        11.0,
        10.5,
        10.0,
        12.5
    ],
    "HighLow_data": [
        [
            2023.0,
            594.0,
            443.0,
            593.0,
            543.0
        ],
        [
            2022.0,
            688.0,
            370.0,
            448.5,
            516.0
        ],
        [
            2021.0,
            679.0,
            518.0,
            615.0,
            598.0
        ],
        [
            2020.0,
            530.0,
            235.5,
            530.0,
            379.0
        ],
        [
            2019.0,
            345.0,
            206.5,
            331.0,
            262.0
        ],
        [
            2018.0,
            268.0,
            210.0,
            225.5,
            237.0
        ],
        [
            2017.0,
            245.0,
            179.0,
            229.5,
            210.0
        ],
        [
            2016.0,
            193.0,
            130.5,
            181.5,
            166.0
        ],
        [
            2015.0,
            155.0,
            112.5,
            143.0,
            140.0
        ],
        [
            2014.0,
            142.0,
            100.5,
            141.0,
            123.0
        ],
        [
            2013.0,
            116.5,
            92.9,
            105.5,
            104.0
        ],
        [
            2012.0,
            99.4,
            73.8,
            97.0,
            84.1
        ],
        [
            2011.0,
            78.3,
            62.2,
            75.8,
            72.1
        ],
        [
            2010.0,
            75.0,
            57.0,
            71.0,
            62.0
        ],
        [
            2009.0,
            65.2,
            38.7,
            64.5,
            55.5
        ],
        [
            2008.0,
            69.8,
            36.4,
            44.4,
            56.4
        ],
        [
            2007.0,
            73.1,
            57.4,
            62.0,
            65.5
        ],
        [
            2006.0,
            70.0,
            52.3,
            67.5,
            61.3
        ],
        [
            2005.0,
            64.3,
            46.2,
            62.5,
            54.1
        ],
        [
            2004.0,
            68.5,
            40.7,
            50.5,
            52.4
        ],
        [
            2003.0,
            72.5,
            40.1,
            63.5,
            56.4
        ],
        [
            2002.0,
            97.5,
            34.9,
            42.6,
            67.4
        ],
        [
            2001.0,
            105.5,
            43.6,
            87.5,
            77.7
        ],
        [
            2000.0,
            222.0,
            74.5,
            78.5,
            146.0
        ],
        [
            1999.0,
            171.0,
            68.0,
            167.0,
            120.0
        ],
        [
            1998.0,
            173.0,
            56.5,
            71.0,
            101.0
        ],
        [
            1997.0,
            173.0,
            55.5,
            112.0,
            109.0
        ],
        [
            1996.0,
            106.0,
            49.1,
            56.5,
            63.8
        ],
        [
            1995.0,
            196.0,
            77.0,
            85.0,
            128.0
        ],
        [
            1994.0,
            177.0,
            96.0,
            157.0,
            159.0
        ]
    ],
    "Benjing_data": [
        [
            2023.0,
            133.38,
            4.45,
            3.32,
            4.07
        ],
        [
            2022.0,
            113.6,
            6.06,
            3.26,
            4.54
        ],
        [
            2021.0,
            83.62,
            8.12,
            6.19,
            7.15
        ],
        [
            2020.0,
            71.33,
            7.43,
            3.3,
            5.31
        ],
        [
            2019.0,
            62.53,
            5.52,
            3.3,
            4.19
        ],
        [
            2018.0,
            64.67,
            4.14,
            3.25,
            3.67
        ],
        [
            2017.0,
            58.7,
            4.17,
            3.05,
            3.58
        ],
        [
            2016.0,
            53.58,
            3.6,
            2.44,
            3.1
        ],
        [
            2015.0,
            47.11,
            3.29,
            2.39,
            2.97
        ],
        [
            2014.0,
            40.32,
            3.52,
            2.49,
            3.04
        ],
        [
            2013.0,
            32.69,
            3.56,
            2.84,
            3.18
        ],
        [
            2012.0,
            27.9,
            3.56,
            2.65,
            3.01
        ],
        [
            2011.0,
            24.29,
            3.22,
            2.56,
            2.97
        ],
        [
            2010.0,
            22.16,
            3.38,
            2.57,
            2.8
        ],
        [
            2009.0,
            19.11,
            3.41,
            2.03,
            2.9
        ],
        [
            2008.0,
            18.59,
            3.75,
            1.96,
            3.04
        ],
        [
            2007.0,
            19.03,
            3.84,
            3.02,
            3.44
        ],
        [
            2006.0,
            19.69,
            3.56,
            2.66,
            3.12
        ],
        [
            2005.0,
            18.04,
            3.56,
            2.56,
            3.0
        ],
        [
            2004.0,
            17.19,
            3.98,
            2.37,
            3.05
        ],
        [
            2003.0,
            16.24,
            4.46,
            2.47,
            3.47
        ],
        [
            2002.0,
            14.85,
            6.57,
            2.35,
            4.54
        ],
        [
            2001.0,
            15.29,
            6.9,
            2.85,
            5.08
        ],
        [
            2000.0,
            20.15,
            11.0,
            3.7,
            7.26
        ],
        [
            1999.0,
            15.74,
            10.9,
            4.32,
            7.62
        ],
        [
            1998.0,
            13.9,
            12.4,
            4.06,
            7.25
        ],
        [
            1997.0,
            17.0,
            10.2,
            3.26,
            6.44
        ],
        [
            1996.0,
            19.63,
            5.4,
            2.5,
            3.25
        ],
        [
            1995.0,
            23.34,
            8.4,
            3.3,
            5.5
        ],
        [
            1994.0,
            24.14,
            7.33,
            3.98,
            6.59
        ]
    ],